City_ID,City,Country,Date,Lat,Lng,Max Temp,Humidity,Cloudiness,Wind Speed,Current Description
0,Butaritari,KI,2021-10-11 01:11:28,3.0707,172.7902,81.97,65,17,8.99,few clouds
1,Bolgar,RU,2021-10-11 01:11:29,54.95,49.0667,48.54,79,100,6.82,overcast clouds
2,Cape Town,ZA,2021-10-11 01:07:11,-33.9258,18.4232,65.12,50,100,4.05,overcast clouds
3,Qaanaaq,GL,2021-10-11 01:11:30,77.484,-69.3632,29.46,89,100,8.23,overcast clouds
4,Upernavik,GL,2021-10-11 01:09:09,72.7868,-56.1549,33.26,97,100,12.77,light snow
5,Skjervoy,NO,2021-10-11 01:11:31,70.0311,20.9714,47.75,88,100,9.93,overcast clouds
6,Huarmey,PE,2021-10-11 01:11:31,-10.0681,-78.1522,64.45,89,52,7.07,broken clouds
7,Longyearbyen,SJ,2021-10-11 01:11:35,78.2186,15.6401,28.24,74,75,12.66,broken clouds
8,Jinchang,CN,2021-10-11 01:11:35,38.4953,102.1739,43.68,47,0,2.71,clear sky
9,Atuona,PF,2021-10-11 01:11:35,-9.8,-139.0333,78.31,75,13,19.19,few clouds
10,Touros,BR,2021-10-11 01:11:37,-5.1989,-35.4608,79.7,76,11,12.33,few clouds
11,Kalmunai,LK,2021-10-11 01:11:37,7.4167,81.8167,80.08,77,80,3.65,broken clouds
12,Garowe,SO,2021-10-11 01:11:38,8.4054,48.4845,78.49,69,84,8.41,light rain
13,Dikson,RU,2021-10-11 01:11:38,73.5069,80.5464,28.99,65,100,21.09,overcast clouds
14,Anadyr,RU,2021-10-11 01:11:40,64.75,177.4833,23.5,92,75,8.95,broken clouds
15,Kudahuvadhoo,MV,2021-10-11 01:11:40,2.6708,72.8944,82.89,74,35,14.52,scattered clouds
16,Kaitangata,NZ,2021-10-11 01:11:40,-46.2817,169.8464,52.29,77,100,9.55,light rain
17,Half Moon Bay,US,2021-10-11 01:11:40,37.4636,-122.4286,77.74,70,20,1.99,mist
18,Punta Arenas,CL,2021-10-11 01:11:41,-53.15,-70.9167,46.51,49,40,28.77,scattered clouds
19,Sembe,CG,2021-10-11 01:11:41,1.6481,14.5806,69.33,99,100,1.81,overcast clouds
20,Juquia,BR,2021-10-11 01:11:42,-24.3208,-47.6347,65.55,99,100,3.27,overcast clouds
21,Mar Del Plata,AR,2021-10-11 01:09:11,-38.0023,-57.5575,58.08,58,0,8.01,clear sky
22,Vaini,TO,2021-10-11 01:11:42,-21.2,-175.2,77.16,83,75,13.8,broken clouds
23,Mumford,GH,2021-10-11 01:11:44,5.2618,-0.759,77.02,87,81,7.81,broken clouds
24,Georgetown,MY,2021-10-11 01:10:25,5.4112,100.3354,82.89,81,61,0.0,broken clouds
25,Tasiilaq,GL,2021-10-11 01:11:45,65.6145,-37.6368,32.16,52,13,4.76,few clouds
26,Pangai,TO,2021-10-11 01:11:46,-19.8,-174.35,78.91,69,90,0.0,overcast clouds
27,Mataura,NZ,2021-10-11 01:11:47,-46.1927,168.8643,47.48,99,100,5.1,light rain
28,Tuktoyaktuk,CA,2021-10-11 01:11:47,69.4541,-133.0374,30.2,93,90,8.05,light snow
29,Ushuaia,AR,2021-10-11 01:11:48,-54.8,-68.3,38.86,87,40,11.5,light rain
30,Albany,US,2021-10-11 01:09:05,42.6001,-73.9662,61.81,88,95,1.99,overcast clouds
31,Aripuana,BR,2021-10-11 01:11:49,-9.1667,-60.6333,81.25,62,92,1.05,overcast clouds
32,Harper,LR,2021-10-11 01:11:49,4.375,-7.7169,77.47,87,100,8.05,overcast clouds
33,Mahebourg,MU,2021-10-11 01:11:50,-20.4081,57.7,72.25,92,100,10.27,light rain
34,Evensk,RU,2021-10-11 01:11:50,61.95,159.2333,29.97,82,95,5.55,overcast clouds
35,Rikitea,PF,2021-10-11 01:11:52,-23.1203,-134.9692,74.82,78,100,16.08,overcast clouds
36,Gromiljak,BA,2021-10-11 01:11:52,43.9667,18.0531,42.3,99,100,2.66,overcast clouds
37,Praia Da Vitoria,PT,2021-10-11 01:11:53,38.7333,-27.0667,72.75,95,100,13.85,overcast clouds
38,Miri,MY,2021-10-11 01:11:54,4.4148,114.0089,81.19,86,100,5.66,overcast clouds
39,Bredasdorp,ZA,2021-10-11 01:11:55,-34.5322,20.0403,55.18,71,100,3.38,overcast clouds
40,Tadine,NC,2021-10-11 01:11:55,-21.55,167.8833,75.74,56,10,11.59,clear sky
41,Thompson,CA,2021-10-11 01:11:56,55.7435,-97.8558,47.61,61,6,5.39,clear sky
42,Merauke,ID,2021-10-11 01:11:57,-8.4667,140.3333,84.29,62,91,5.99,overcast clouds
43,Bluff,NZ,2021-10-11 01:11:58,-46.6,168.3333,47.8,89,100,10.31,light rain
44,Ancud,CL,2021-10-11 01:11:59,-41.8697,-73.8203,47.73,85,100,5.79,overcast clouds
45,Avera,US,2021-10-11 01:11:59,33.194,-82.5271,71.71,73,5,6.13,clear sky
46,Iskateley,RU,2021-10-11 01:12:00,67.6803,53.1512,30.16,95,100,10.85,light snow
47,Mayo,US,2021-10-11 01:12:00,38.8876,-76.5119,68.34,91,90,7.0,overcast clouds
48,Nalut,LY,2021-10-11 01:12:00,30.3333,10.85,66.18,66,1,16.67,clear sky
49,Hilo,US,2021-10-11 01:12:02,19.7297,-155.09,80.33,83,40,6.91,light rain
50,Alofi,NU,2021-10-11 01:12:02,-19.0595,-169.9187,77.65,79,100,7.16,overcast clouds
51,Kushmurun,KZ,2021-10-11 01:12:04,52.4503,64.6311,34.93,67,19,6.49,few clouds
52,Aleksandrov Gay,RU,2021-10-11 01:12:04,50.147,48.5704,44.31,51,0,3.67,clear sky
53,Nikolskoye,RU,2021-10-11 01:12:08,59.7035,30.7861,49.89,69,14,8.37,light rain
54,Thiruvananthapuram,IN,2021-10-11 01:12:10,8.4833,76.9167,77.0,89,100,4.38,overcast clouds
55,Kapaa,US,2021-10-11 01:12:11,22.0752,-159.319,84.18,69,75,5.01,light rain
56,Mecca,SA,2021-10-11 01:12:13,21.4267,39.8261,83.25,40,8,2.04,clear sky
57,Jamestown,US,2021-10-11 01:10:38,42.097,-79.2353,64.71,88,1,5.01,clear sky
58,Sechura,PE,2021-10-11 01:12:17,-5.5569,-80.8222,66.51,82,13,14.45,few clouds
59,Carnarvon,AU,2021-10-11 01:12:17,-24.8667,113.6333,69.87,60,0,19.57,clear sky
60,Taywarah,AF,2021-10-11 01:12:18,33.35,64.4167,32.41,20,0,7.0,clear sky
61,Asau,RO,2021-10-11 01:12:18,46.4333,26.4,38.75,51,71,2.13,light snow
62,Bethel,US,2021-10-11 01:09:10,41.3712,-73.414,62.49,90,98,1.99,overcast clouds
63,Shu,KZ,2021-10-11 01:12:20,43.5983,73.7614,41.45,77,33,10.76,scattered clouds
64,Champerico,GT,2021-10-11 01:12:21,14.3,-91.9167,85.35,79,100,7.96,overcast clouds
65,Kabalo,CD,2021-10-11 01:12:21,-6.05,26.9167,73.67,78,100,2.66,overcast clouds
66,Qaqortoq,GL,2021-10-11 01:12:22,60.7167,-46.0333,30.7,51,14,1.97,few clouds
67,Kamenka,RU,2021-10-11 01:12:23,51.3223,42.7678,40.73,65,0,4.81,clear sky
68,Broome,US,2021-10-11 01:12:31,42.2506,-75.833,62.98,78,90,1.01,overcast clouds
69,Pucallpa,PE,2021-10-11 01:12:31,-8.3791,-74.5539,84.24,74,40,2.3,scattered clouds
70,Busselton,AU,2021-10-11 01:12:47,-33.65,115.3333,60.08,84,97,21.12,overcast clouds
71,Palembang,ID,2021-10-11 01:12:47,-2.9167,104.7458,80.69,89,40,3.44,light rain
72,Lagoa,PT,2021-10-11 01:12:47,39.05,-27.9833,70.3,88,100,20.45,overcast clouds
73,Ketchikan,US,2021-10-11 01:12:48,55.3422,-131.6461,48.67,87,90,3.44,light rain
74,Acarau,BR,2021-10-11 01:12:48,-2.8856,-40.12,79.3,75,4,16.15,clear sky
75,Castro,BR,2021-10-11 01:12:49,-24.7911,-50.0119,56.1,96,100,11.1,overcast clouds
76,Wewak,PG,2021-10-11 01:12:50,-3.5534,143.6268,85.17,68,58,5.53,broken clouds
77,Port Alfred,ZA,2021-10-11 01:12:50,-33.5906,26.891,57.04,77,96,16.42,overcast clouds
78,Hermanus,ZA,2021-10-11 01:12:51,-34.4187,19.2345,64.9,58,100,6.78,overcast clouds
79,Saint-Pierre,RE,2021-10-11 01:12:52,-21.3393,55.4781,73.04,72,75,4.61,broken clouds
80,Provideniya,RU,2021-10-11 01:12:52,64.3833,-173.3,33.91,80,90,11.18,overcast clouds
81,Ribeira Grande,PT,2021-10-11 01:12:56,38.5167,-28.7,70.02,89,100,21.32,overcast clouds
82,Itarema,BR,2021-10-11 01:12:58,-2.9248,-39.9167,79.2,74,5,14.99,clear sky
83,Fairbanks,US,2021-10-11 01:12:58,64.8378,-147.7164,37.6,94,90,4.61,light rain
84,Mugur-Aksy,RU,2021-10-11 01:12:59,50.35,90.5,25.12,75,100,4.5,overcast clouds
85,Nanortalik,GL,2021-10-11 01:13:01,60.1432,-45.2371,37.0,59,3,2.59,clear sky
86,Panorama,GR,2021-10-11 01:13:01,40.5878,23.0315,58.5,89,75,1.01,moderate rain
87,Avarua,CK,2021-10-11 01:13:03,-21.2078,-159.775,77.05,73,100,8.05,overcast clouds
88,Sitka,US,2021-10-11 01:13:03,57.0531,-135.33,47.98,78,39,3.2,scattered clouds
89,La Asuncion,VE,2021-10-11 01:13:05,11.0333,-63.8628,80.62,83,100,10.69,overcast clouds
90,Sabya,SA,2021-10-11 01:12:30,17.1495,42.6254,86.13,76,78,6.06,broken clouds
91,Rock Springs,US,2021-10-11 01:11:08,41.5875,-109.2029,50.05,52,1,5.01,clear sky
92,Bandarbeyla,SO,2021-10-11 01:13:06,9.4942,50.8122,78.76,86,87,23.02,overcast clouds
93,Lakatoro,VU,2021-10-11 01:13:07,-16.0999,167.4164,81.79,75,100,15.28,overcast clouds
94,Puerto Ayora,EC,2021-10-11 01:13:07,-0.7393,-90.3518,69.55,90,56,4.0,broken clouds
95,Namibe,AO,2021-10-11 01:13:07,-15.1961,12.1522,67.75,91,85,4.83,overcast clouds
96,Kampot,KH,2021-10-11 01:09:09,10.6167,104.1833,80.65,84,100,7.11,moderate rain
97,Hobart,AU,2021-10-11 01:10:04,-42.8794,147.3294,55.26,48,40,1.99,scattered clouds
98,Dafeng,CN,2021-10-11 01:13:08,23.4517,108.5881,67.3,88,100,10.42,overcast clouds
99,Suruc,TR,2021-10-11 01:13:09,36.9761,38.425,66.4,24,4,4.68,clear sky
100,Baijiantan,CN,2021-10-11 01:13:10,45.6333,85.1833,52.3,41,100,22.5,overcast clouds
101,Turinsk,RU,2021-10-11 01:13:10,58.0458,63.696,25.75,71,68,4.74,broken clouds
102,Taoudenni,ML,2021-10-11 01:13:15,22.6783,-3.9836,88.14,11,6,3.24,clear sky
103,Klaksvik,FO,2021-10-11 01:13:16,62.2266,-6.589,43.72,79,100,9.26,overcast clouds
104,Kruisfontein,ZA,2021-10-11 01:13:17,-34.0033,24.7314,52.54,69,18,6.04,few clouds
105,Torbay,CA,2021-10-11 01:13:18,47.6666,-52.7314,42.76,85,26,1.99,scattered clouds
106,Teluk Nibung,ID,2021-10-11 01:13:18,3.001,99.8164,80.04,81,98,4.45,overcast clouds
107,Arlit,NE,2021-10-11 01:13:20,18.7369,7.3853,82.8,11,99,7.56,overcast clouds
108,Yangambi,CD,2021-10-11 01:13:20,0.8102,24.4336,69.98,99,100,2.3,light rain
109,Tripoli,LY,2021-10-11 01:13:21,32.8752,13.1875,72.91,63,0,9.1,clear sky
110,Pontianak,ID,2021-10-11 01:13:29,-0.0333,109.3333,80.58,94,40,3.44,scattered clouds
111,Buzmeyin,TM,2021-10-11 01:13:33,38.0507,58.2056,42.53,45,4,2.3,clear sky
112,Isangel,VU,2021-10-11 01:13:37,-19.55,169.2667,79.2,59,1,8.01,clear sky
113,Souillac,MU,2021-10-11 01:13:38,-20.5167,57.5167,72.36,93,97,9.46,moderate rain
114,Tehachapi,US,2021-10-11 01:09:01,35.1322,-118.449,70.02,41,0,5.01,clear sky
115,Port Elizabeth,ZA,2021-10-11 01:13:29,-33.918,25.5701,54.54,75,69,7.83,broken clouds
116,Chokurdakh,RU,2021-10-11 01:13:49,70.6333,147.9167,19.81,87,100,6.42,overcast clouds
117,Dmitriyevskoye,RU,2021-10-11 01:14:05,45.8053,41.8967,47.91,76,6,13.06,clear sky
118,Ilulissat,GL,2021-10-11 01:14:06,69.2167,-51.1,33.82,80,20,2.3,few clouds
119,Najran,SA,2021-10-11 01:14:09,17.4924,44.1277,69.57,30,99,3.71,overcast clouds
120,Olinda,BR,2021-10-11 01:14:10,-8.0089,-34.8553,80.33,78,75,9.22,broken clouds
121,Contamana,PE,2021-10-11 01:14:10,-7.3333,-75.0167,81.82,55,43,2.66,scattered clouds
122,Hasaki,JP,2021-10-11 01:14:11,35.7333,140.8333,79.2,68,0,16.73,clear sky
123,Luderitz,NA,2021-10-11 01:14:11,-26.6481,15.1594,70.48,35,1,4.09,clear sky
124,Ashland,US,2021-10-11 01:14:12,40.8167,-82.2665,71.96,80,88,8.75,overcast clouds
125,Watsa,CD,2021-10-11 01:14:13,3.0372,29.5355,62.04,96,100,1.57,overcast clouds
126,Kondagaon,IN,2021-10-11 01:14:14,19.6,81.6667,65.82,81,7,2.86,clear sky
127,Viedma,AR,2021-10-11 01:14:14,-40.8135,-62.9967,57.56,62,0,17.02,clear sky
128,Plettenberg Bay,ZA,2021-10-11 01:14:15,-34.0527,23.3716,61.75,48,100,6.08,overcast clouds
129,Ertil,RU,2021-10-11 01:14:16,51.8406,40.8056,40.33,64,0,4.18,clear sky
130,Jonuta,MX,2021-10-11 01:14:16,18.0833,-92.1333,80.49,83,4,3.29,clear sky
131,Santa Cruz Cabralia,BR,2021-10-11 01:14:17,-16.2781,-39.0247,73.63,100,90,4.61,overcast clouds
132,Thonon-Les-Bains,FR,2021-10-11 01:14:17,46.25,6.5,42.28,92,0,3.62,clear sky
133,Saint George,US,2021-10-11 01:14:17,37.1041,-113.5841,71.64,30,1,3.0,clear sky
134,Mount Gambier,AU,2021-10-11 01:14:18,-37.8333,140.7667,55.04,49,77,8.25,broken clouds
135,Tiksi,RU,2021-10-11 01:14:19,71.6872,128.8694,29.53,97,100,7.23,light snow
136,Cidreira,BR,2021-10-11 01:14:19,-30.1811,-50.2056,64.78,80,49,20.18,scattered clouds
137,Aksarka,RU,2021-10-11 01:14:20,66.5606,67.7975,25.7,85,13,3.94,few clouds
138,Barrow,US,2021-10-11 01:14:20,71.2906,-156.7887,24.82,86,75,9.22,mist
139,Riyadh,SA,2021-10-11 01:09:30,24.6877,46.7219,75.34,18,0,3.67,clear sky
140,Pacific Grove,US,2021-10-11 01:13:50,36.6177,-121.9166,76.28,76,1,5.01,clear sky
141,Hualmay,PE,2021-10-11 01:14:21,-11.0964,-77.6139,63.55,88,23,7.94,few clouds
142,Tucuman,AR,2021-10-11 01:14:23,-26.8241,-65.2226,75.2,43,75,0.0,broken clouds
143,Vila,PT,2021-10-11 01:14:24,42.0304,-8.1588,52.68,68,94,5.23,overcast clouds
144,Bengkulu,ID,2021-10-11 01:14:16,-3.8004,102.2655,75.9,92,98,7.31,overcast clouds
145,Ocampo,MX,2021-10-11 01:14:24,21.65,-101.5,68.13,54,100,6.35,overcast clouds
146,Synya,RU,2021-10-11 01:14:25,65.3718,58.0387,29.01,92,100,9.62,light snow
147,Shakawe,BW,2021-10-11 01:14:27,-18.3667,21.85,68.77,43,0,10.31,clear sky
148,Yerofey Pavlovich,RU,2021-10-11 01:14:27,53.9667,121.9667,40.12,45,0,6.82,clear sky
149,Antalaha,MG,2021-10-11 01:14:28,-14.9003,50.2788,64.33,87,10,6.49,clear sky
150,Alice Springs,AU,2021-10-11 01:14:30,-23.7,133.8833,54.95,94,75,9.22,broken clouds
151,Colares,PT,2021-10-11 01:14:30,38.7992,-9.4469,73.33,60,97,3.0,overcast clouds
152,Saskylakh,RU,2021-10-11 01:14:31,71.9167,114.0833,21.65,96,100,7.2,light snow
153,Esperance,AU,2021-10-11 01:14:31,-33.8667,121.9,64.24,37,100,24.79,light rain
154,Seduva,LT,2021-10-11 01:14:31,55.7667,23.7667,37.83,80,0,8.01,clear sky
155,Oro Valley,US,2021-10-11 01:11:25,32.3909,-110.9665,78.98,23,0,1.99,clear sky
156,Corrales,US,2021-10-11 01:14:33,35.2378,-106.6067,64.27,25,1,7.0,clear sky
157,Homer,US,2021-10-11 01:10:18,59.6425,-151.5483,48.07,65,1,4.61,clear sky
158,Gat,IL,2021-10-11 01:11:04,31.61,34.7642,69.4,69,0,4.16,clear sky
159,Diu,IN,2021-10-11 01:14:34,20.7141,70.9822,79.25,84,84,4.03,broken clouds
160,Miracema Do Tocantins,BR,2021-10-11 01:14:35,-9.5618,-48.3967,82.6,51,100,2.89,overcast clouds
161,Ngama,TD,2021-10-11 01:14:35,11.7833,17.1667,78.76,63,67,5.55,broken clouds
162,College,US,2021-10-11 01:14:35,64.8569,-147.8028,37.58,94,90,0.0,light snow
163,Zilair,RU,2021-10-11 01:14:36,52.2332,57.4392,38.26,90,94,2.86,overcast clouds
164,Khingansk,RU,2021-10-11 01:14:36,49.1167,131.1833,38.84,78,5,12.21,clear sky
165,Lebu,CL,2021-10-11 01:14:36,-37.6167,-73.65,50.11,88,7,13.42,clear sky
166,San Luis,AR,2021-10-11 01:14:37,-33.295,-66.3356,55.04,76,0,5.97,clear sky
167,Lompoc,US,2021-10-11 01:14:37,34.6391,-120.4579,77.77,77,20,12.66,few clouds
168,Linjiang,CN,2021-10-11 01:14:37,41.8069,126.9078,52.32,55,0,0.6,clear sky
169,Meiganga,CM,2021-10-11 01:14:38,6.5167,14.3,64.45,95,100,1.3,overcast clouds
170,Katsuura,JP,2021-10-11 01:14:38,35.1333,140.3,81.19,69,6,15.17,clear sky
171,Ahipara,NZ,2021-10-11 01:14:39,-35.1667,173.1667,60.96,61,100,11.27,overcast clouds
172,Pevek,RU,2021-10-11 01:14:39,69.7008,170.3133,23.72,91,100,4.72,overcast clouds
173,Omsukchan,RU,2021-10-11 01:14:40,62.5333,155.8,21.6,73,3,5.35,clear sky
174,Whitecourt,CA,2021-10-11 01:14:40,54.1502,-115.6855,40.86,52,67,9.46,broken clouds
175,Muros,ES,2021-10-11 01:14:40,42.7762,-9.0603,63.23,75,9,9.26,clear sky
176,Kijang,KR,2021-10-11 01:14:41,35.2442,129.2139,69.15,88,100,16.22,overcast clouds
177,Derzhavinsk,KZ,2021-10-11 01:14:41,51.1,66.3167,34.74,71,10,9.28,clear sky
178,Port Lincoln,AU,2021-10-11 01:14:42,-34.7333,135.8667,55.78,50,3,12.08,clear sky
179,Usak,TR,2021-10-11 01:14:42,38.5,29.4167,55.62,70,0,0.92,clear sky
180,Sao Joao Da Barra,BR,2021-10-11 01:14:42,-21.6403,-41.0511,67.77,91,100,16.82,overcast clouds
181,Gumdag,TM,2021-10-11 01:14:43,39.2061,54.5906,51.24,26,0,15.93,clear sky
182,Oriximina,BR,2021-10-11 01:14:43,-1.7656,-55.8661,81.75,62,85,3.11,overcast clouds
183,San Cristobal,VE,2021-10-11 01:14:43,7.7669,-72.225,71.78,99,100,1.72,overcast clouds
184,Fortuna,US,2021-10-11 01:14:44,40.5982,-124.1573,59.47,67,0,4.0,clear sky
185,Bizhbulyak,RU,2021-10-11 01:14:44,53.6967,54.2642,39.99,89,100,3.85,overcast clouds
186,Morgan City,US,2021-10-11 01:14:45,29.6994,-91.2068,78.04,94,1,5.75,clear sky
187,Clyde River,CA,2021-10-11 01:14:46,70.4692,-68.5914,31.68,80,59,5.57,broken clouds
188,Kirovskiy,RU,2021-10-11 01:14:48,45.0917,133.5136,52.27,51,0,14.5,clear sky
189,Port Hedland,AU,2021-10-11 01:14:48,-20.3167,118.5667,82.45,16,7,13.8,clear sky
190,Sinj,HR,2021-10-11 01:14:49,43.7036,16.6394,49.89,86,90,7.74,overcast clouds
191,Pemangkat,ID,2021-10-11 01:14:50,1.1667,108.9667,83.28,79,78,7.14,broken clouds
192,Belmonte,BR,2021-10-11 01:14:50,-15.8631,-38.8828,73.9,92,76,5.64,broken clouds
193,Gaspe,CA,2021-10-11 01:14:52,48.8334,-64.4819,49.86,90,100,2.46,overcast clouds
194,Port Angeles,US,2021-10-11 01:09:55,48.1181,-123.4307,53.38,86,1,12.66,clear sky
195,Marawi,PH,2021-10-11 01:14:55,7.9986,124.2928,78.66,83,96,8.77,overcast clouds
196,Sampit,ID,2021-10-11 01:14:59,-2.5333,112.95,81.0,88,100,2.86,overcast clouds
197,Udachnyy,RU,2021-10-11 01:14:59,66.4167,112.4,21.0,92,100,20.78,light snow
198,Orlik,RU,2021-10-11 01:15:00,52.5178,99.825,29.7,64,100,2.19,overcast clouds
199,San Andres,CO,2021-10-11 01:14:42,12.5847,-81.7006,84.22,79,40,6.91,scattered clouds
200,Hay River,CA,2021-10-11 01:15:01,60.8156,-115.7999,39.27,68,100,14.0,overcast clouds
201,Bakal,RU,2021-10-11 01:15:02,54.9417,58.8083,37.2,98,100,0.76,overcast clouds
202,Pahrump,US,2021-10-11 01:15:04,36.2083,-115.9839,74.1,17,0,3.53,clear sky
203,Urengoy,RU,2021-10-11 01:15:05,65.9667,78.3667,25.5,79,31,9.51,scattered clouds
204,Moindou,NC,2021-10-11 01:15:06,-21.6924,165.677,84.15,49,0,7.92,clear sky
205,Ucluelet,CA,2021-10-11 01:12:12,48.9329,-125.5528,51.1,78,60,5.99,broken clouds
206,Cherskiy,RU,2021-10-11 01:15:07,68.75,161.3,13.28,89,18,5.28,few clouds
207,Calatayud,ES,2021-10-11 01:15:08,41.3535,-1.6432,64.98,73,10,2.82,clear sky
208,Batticaloa,LK,2021-10-11 01:15:08,7.7102,81.6924,79.9,74,97,4.72,overcast clouds
209,Stornoway,GB,2021-10-11 01:15:09,58.2093,-6.3865,48.16,87,20,6.91,few clouds
210,Ushtobe,KZ,2021-10-11 01:15:11,45.2514,77.9838,43.61,72,100,17.63,overcast clouds
211,Pundaguitan,PH,2021-10-11 01:15:12,6.3711,126.1689,84.42,74,100,12.5,overcast clouds
212,Swan River,CA,2021-10-11 01:15:17,52.1058,-101.2676,53.49,54,0,8.05,clear sky
213,Dhidhdhoo,MV,2021-10-11 01:15:20,6.8833,73.1,82.99,78,100,19.48,overcast clouds
214,Umba,RU,2021-10-11 01:15:22,66.6871,34.3429,47.41,99,100,2.71,overcast clouds
215,Yellowknife,CA,2021-10-11 01:15:29,62.456,-114.3525,35.42,100,90,8.01,light rain
216,Hithadhoo,MV,2021-10-11 01:15:30,-0.6,73.0833,82.87,68,98,14.32,overcast clouds
217,Port Macquarie,AU,2021-10-11 01:15:30,-31.4333,152.9167,64.89,94,90,20.71,overcast clouds
218,Bambous Virieux,MU,2021-10-11 01:15:31,-20.3428,57.7575,72.21,100,75,9.22,light rain
219,Kodiak,US,2021-10-11 01:15:46,57.79,-152.4072,44.62,83,100,11.9,overcast clouds
220,Bradeanu,RO,2021-10-11 01:15:48,44.9333,26.85,44.89,39,100,9.89,overcast clouds
221,Piranshahr,IR,2021-10-11 01:15:48,36.701,45.1413,49.15,56,0,4.5,clear sky
222,Coquimbo,CL,2021-10-11 01:13:16,-29.9533,-71.3436,56.93,71,0,4.61,clear sky
223,Road Town,VG,2021-10-11 01:15:15,18.4167,-64.6167,81.19,80,45,24.72,scattered clouds
224,Geraldton,AU,2021-10-11 01:15:51,-28.7667,114.6,67.12,59,75,12.66,broken clouds
225,New Norfolk,AU,2021-10-11 01:15:51,-42.7826,147.0587,53.74,45,100,3.0,overcast clouds
226,Sorland,NO,2021-10-11 01:15:54,67.667,12.6934,49.15,80,100,5.82,overcast clouds
227,Uvinza,TZ,2021-10-11 01:15:54,-5.1036,30.3911,73.81,49,100,3.0,overcast clouds
228,Berlevag,NO,2021-10-11 01:15:55,70.8578,29.0864,44.01,89,100,6.29,overcast clouds
229,Tomarovka,RU,2021-10-11 01:15:55,50.6834,36.2331,41.76,61,100,6.4,overcast clouds
230,Lorengau,PG,2021-10-11 01:15:56,-2.0226,147.2712,85.66,67,31,4.09,scattered clouds
231,Jining,CN,2021-10-11 01:17:34,35.405,116.5814,52.66,60,100,7.23,overcast clouds
232,Sao Filipe,CV,2021-10-11 01:17:34,14.8961,-24.4956,80.92,69,0,4.88,clear sky
233,Hovd,MN,2021-10-11 01:17:34,48.0056,91.6419,35.73,33,100,1.25,overcast clouds
234,Victoria,HK,2021-10-11 01:15:54,22.2855,114.1577,85.03,71,25,1.99,scattered clouds
235,Hamilton,US,2021-10-11 01:15:48,39.1834,-84.5333,75.36,77,1,1.01,clear sky
236,Sinop,TR,2021-10-11 01:17:36,41.7711,34.8709,52.52,89,6,3.0,clear sky
237,Baoning,CN,2021-10-11 01:17:36,25.3378,110.026,67.86,68,75,17.9,broken clouds
238,Moroni,KM,2021-10-11 01:17:37,-11.7022,43.2551,75.09,75,91,2.91,overcast clouds
239,Flinders,AU,2021-10-11 01:17:37,-34.5833,150.8552,60.39,70,100,4.0,overcast clouds
240,Mopipi,BW,2021-10-11 01:17:38,-21.1833,24.8833,61.75,68,0,20.36,clear sky
241,Charters Towers,AU,2021-10-11 01:17:38,-20.1,146.2667,84.78,35,0,7.9,clear sky
242,Mattawa,US,2021-10-11 01:17:38,46.7379,-119.9028,58.1,55,92,18.01,overcast clouds
243,Caloundra,AU,2021-10-11 01:17:39,-26.8,153.1333,89.37,60,23,7.0,few clouds
244,Lavrentiya,RU,2021-10-11 01:17:39,65.5833,-171.0,30.88,81,100,3.98,overcast clouds
245,Kutum,SD,2021-10-11 01:17:39,14.2,24.6667,82.11,21,93,7.38,overcast clouds
246,Chernaya Kholunitsa,RU,2021-10-11 01:17:40,58.8511,51.7154,43.84,97,100,6.8,overcast clouds
247,Anaco,VE,2021-10-11 01:17:40,9.4389,-64.4728,76.19,87,99,4.12,overcast clouds
248,Teya,RU,2021-10-11 01:17:40,60.3778,92.6267,22.41,83,7,3.36,clear sky
249,Porto Novo,BJ,2021-10-11 01:14:12,6.4965,2.6036,76.59,91,100,3.02,moderate rain
250,Irbil,IQ,2021-10-11 01:15:05,36.1926,44.0106,70.43,16,0,3.62,clear sky
251,Maniitsoq,GL,2021-10-11 01:17:41,65.4167,-52.9,34.36,93,100,6.93,overcast clouds
252,Orocue,CO,2021-10-11 01:17:41,4.7912,-71.3354,77.88,86,100,4.63,overcast clouds
253,Haines Junction,CA,2021-10-11 01:17:41,60.7522,-137.5108,40.95,56,13,1.14,few clouds
254,Ostrovnoy,RU,2021-10-11 01:17:42,68.0531,39.5131,42.66,94,100,6.2,overcast clouds
255,Vzmorye,RU,2021-10-11 01:17:42,54.6961,20.2361,37.49,69,0,8.9,clear sky
256,Guerrero Negro,MX,2021-10-11 01:17:43,27.9769,-114.0611,72.43,66,0,17.02,clear sky
257,Newton,US,2021-10-11 01:17:44,42.337,-71.2092,61.7,88,90,4.0,overcast clouds
258,Axim,GH,2021-10-11 01:17:45,4.8699,-2.2405,75.87,91,100,4.52,overcast clouds
259,Seydi,TM,2021-10-11 01:17:45,39.4816,62.9137,45.1,44,0,4.16,clear sky
260,Mutare,ZW,2021-10-11 01:17:45,-18.9707,32.6709,58.14,91,100,4.36,overcast clouds
261,Loudeac,FR,2021-10-11 01:17:45,48.1783,-2.7543,59.49,88,38,6.24,scattered clouds
262,Kavieng,PG,2021-10-11 01:17:46,-2.5744,150.7967,84.6,67,11,5.7,few clouds
263,Arraial Do Cabo,BR,2021-10-11 01:17:46,-22.9661,-42.0278,67.46,86,100,19.13,light rain
264,Isla Mujeres,MX,2021-10-11 01:17:46,21.2311,-86.731,80.65,75,7,7.9,clear sky
265,Lata,PT,2021-10-11 01:17:47,40.1629,-8.3327,66.06,56,4,5.12,clear sky
266,Gizo,SB,2021-10-11 01:17:47,-8.103,156.8419,84.76,69,100,6.49,overcast clouds
267,Correntina,BR,2021-10-11 01:17:47,-13.3433,-44.6367,83.1,42,100,3.74,overcast clouds
268,Acapulco,MX,2021-10-11 01:17:48,16.8634,-99.8901,82.22,78,40,0.0,scattered clouds
269,Severo-Kurilsk,RU,2021-10-11 01:17:48,50.6789,156.125,52.95,91,100,23.4,moderate rain
270,Norman Wells,CA,2021-10-11 01:17:48,65.282,-126.8329,30.24,93,75,6.91,broken clouds
271,Padang,ID,2021-10-11 01:17:49,-0.9492,100.3543,77.05,89,100,3.04,overcast clouds
272,Airai,TL,2021-10-11 01:17:49,-8.9266,125.4092,77.83,37,49,2.3,scattered clouds
273,Roald,NO,2021-10-11 01:17:49,62.5833,6.1333,49.33,87,75,11.5,broken clouds
274,Thunder Bay,CA,2021-10-11 01:17:50,48.4001,-89.3168,64.56,99,90,12.66,thunderstorm
275,Victor Harbor,AU,2021-10-11 01:17:50,-35.5667,138.6167,59.79,63,46,9.1,scattered clouds
276,Columbus,US,2021-10-11 01:17:11,39.9612,-82.9988,74.44,79,20,6.91,few clouds
277,Ende,ID,2021-10-11 01:17:51,-8.8432,121.6623,84.07,65,80,4.61,broken clouds
278,Coihaique,CL,2021-10-11 01:14:02,-45.5752,-72.0662,49.95,71,75,5.75,light rain
279,Catamarca,AR,2021-10-11 01:17:52,-28.4696,-65.7852,67.64,72,18,5.75,few clouds
280,Yurla,RU,2021-10-11 01:17:52,59.3259,54.3223,42.85,98,100,6.93,overcast clouds
281,Naryan-Mar,RU,2021-10-11 01:17:53,67.6713,53.087,30.29,95,100,10.8,light snow
282,Lampang,TH,2021-10-11 01:17:53,18.3333,99.5,79.86,87,40,0.0,scattered clouds
283,Phan Thiet,VN,2021-10-11 01:12:54,10.9333,108.1,81.37,83,100,9.73,overcast clouds
284,Hofn,IS,2021-10-11 01:17:54,64.2539,-15.2082,40.08,62,1,11.45,clear sky
285,Lichuan,CN,2021-10-11 01:17:54,30.3,108.85,53.82,93,100,2.98,overcast clouds
286,Liverpool,GB,2021-10-11 01:13:00,53.4106,-2.9779,54.82,81,75,3.0,broken clouds
287,Moron,AR,2021-10-11 01:17:54,-34.6534,-58.6198,64.09,91,100,4.0,light rain
288,Jacqueville,CI,2021-10-11 01:17:55,5.2052,-4.4146,80.51,87,100,6.73,light rain
289,Buraydah,SA,2021-10-11 01:17:55,26.326,43.975,72.05,17,0,5.75,clear sky
290,Keighley,GB,2021-10-11 01:17:55,53.8679,-1.9066,51.71,90,0,1.01,clear sky
291,Chuy,UY,2021-10-11 01:17:56,-33.6971,-53.4616,60.46,79,100,13.42,overcast clouds
292,Mandali,IQ,2021-10-11 01:17:56,33.7499,45.5541,75.85,14,0,11.48,clear sky
293,Berbera,SO,2021-10-11 01:17:56,10.4396,45.0143,86.99,69,82,5.03,broken clouds
294,Port Hawkesbury,CA,2021-10-11 01:17:57,45.6169,-61.3485,55.58,73,1,1.99,clear sky
295,Mount Pleasant,US,2021-10-11 01:16:52,32.7941,-79.8626,73.99,83,90,3.0,overcast clouds
296,Kedrovyy,RU,2021-10-11 01:17:57,56.1667,91.8167,32.41,99,100,3.71,light snow
297,Soe,ID,2021-10-11 01:17:57,-9.8607,124.284,83.97,31,100,4.32,overcast clouds
298,Cururupu,BR,2021-10-11 01:17:59,-1.8283,-44.8683,77.59,83,2,5.03,clear sky
299,Tucuma,BR,2021-10-11 01:17:59,-0.1833,-50.05,80.24,75,5,8.99,clear sky
300,Edgewater,US,2021-10-11 01:17:59,28.9889,-80.9023,78.03,80,8,9.17,clear sky
301,Saint-Philippe,RE,2021-10-11 01:18:03,-21.3585,55.7679,72.95,88,4,5.95,clear sky
302,Contai,IN,2021-10-11 01:18:03,21.7786,87.7536,78.17,92,10,7.18,clear sky
303,Emerald,AU,2021-10-11 01:18:04,-23.5333,148.1667,83.34,45,93,5.3,overcast clouds
304,Tukrah,LY,2021-10-11 01:18:04,32.5341,20.5791,75.0,58,27,4.21,scattered clouds
305,Kangaatsiaq,GL,2021-10-11 01:18:04,68.3065,-53.4641,33.04,88,94,6.55,overcast clouds
306,Atherton,GB,2021-10-11 01:18:05,53.5237,-2.4935,53.69,87,100,6.11,overcast clouds
307,Westport,US,2021-10-11 01:14:44,41.1415,-73.3579,64.89,90,90,1.01,overcast clouds
308,Lesnoy,RU,2021-10-11 01:18:05,57.6198,63.0784,25.59,70,25,4.63,scattered clouds
309,Iqaluit,CA,2021-10-11 01:18:05,63.7506,-68.5145,29.93,92,20,1.99,few clouds
310,Talnakh,RU,2021-10-11 01:18:06,69.4865,88.3972,22.41,95,99,7.96,light snow
311,Sao Jose De Piranhas,BR,2021-10-11 01:18:06,-7.1206,-38.5019,80.78,40,36,4.83,scattered clouds
312,Ponta Delgada,PT,2021-10-11 01:18:06,37.7333,-25.6667,72.32,88,75,9.22,broken clouds
313,Comodoro Rivadavia,AR,2021-10-11 01:18:07,-45.8667,-67.5,64.26,36,0,20.71,clear sky
314,Ellisras,ZA,2021-10-11 01:18:07,-23.6649,27.7443,60.33,68,39,13.62,scattered clouds
315,Chicama,PE,2021-10-11 01:18:07,-7.8447,-79.1469,59.54,86,61,5.84,broken clouds
316,Santarem,BR,2021-10-11 01:18:08,-2.4431,-54.7083,82.53,89,0,6.91,clear sky
317,Jacareacanga,BR,2021-10-11 01:18:08,-6.2222,-57.7528,80.98,64,100,2.15,overcast clouds
318,Podgornoye,RU,2021-10-11 01:18:08,51.735,39.1496,28.62,93,100,2.24,mist
319,Puri,IN,2021-10-11 01:18:09,19.8,85.85,81.12,80,47,8.88,scattered clouds
320,Gombong,ID,2021-10-11 01:18:09,-7.6072,109.5142,88.83,70,94,6.51,overcast clouds
321,Mackenzie,CA,2021-10-11 01:18:09,55.2999,-123.1698,43.02,56,75,4.61,broken clouds
322,Morant Bay,JM,2021-10-11 01:18:10,17.8815,-76.4093,82.02,79,58,4.56,broken clouds
323,Fort-Shevchenko,KZ,2021-10-11 01:18:10,44.5086,50.263,51.98,55,9,10.09,clear sky
324,Puerto Escondido,MX,2021-10-11 01:16:38,15.85,-97.0667,83.23,61,40,10.36,scattered clouds
325,Rio Grande,BR,2021-10-11 01:18:11,-32.035,-52.0986,63.95,78,41,19.89,scattered clouds
326,Ponta Do Sol,PT,2021-10-11 01:18:11,32.6667,-17.1,70.72,69,15,5.59,few clouds
327,Mikhaylovka,RU,2021-10-11 01:18:11,50.06,43.2379,43.07,59,78,4.54,broken clouds
328,Koroni,GR,2021-10-11 01:18:12,36.8,21.95,66.07,81,55,2.33,broken clouds
329,Havre-Saint-Pierre,CA,2021-10-11 01:18:12,50.2334,-63.5986,50.0,93,75,5.75,broken clouds
330,Bathsheba,BB,2021-10-11 01:18:12,13.2167,-59.5167,83.01,78,75,14.97,broken clouds
331,Pushchino,RU,2021-10-11 01:18:13,54.8339,37.6264,28.15,78,13,4.34,few clouds
332,Careiro Da Varzea,BR,2021-10-11 01:18:13,-3.2003,-59.8119,84.81,66,100,0.45,overcast clouds
333,East London,ZA,2021-10-11 01:18:13,-33.0153,27.9116,58.55,70,12,17.76,few clouds
334,Zhanjiang,CN,2021-10-11 01:18:14,21.2815,110.3427,80.85,82,100,10.2,overcast clouds
335,Emporia,US,2021-10-11 01:18:14,38.4039,-96.1817,59.2,94,90,4.61,mist
336,Mtwara,TZ,2021-10-11 01:18:14,-10.2667,40.1833,73.58,86,75,5.64,broken clouds
337,Rolla,US,2021-10-11 01:18:15,37.9514,-91.7713,75.51,57,1,1.99,clear sky
338,Altay,CN,2021-10-11 01:18:15,47.8667,88.1167,39.6,49,100,3.0,overcast clouds
339,Vardo,NO,2021-10-11 01:18:16,70.3705,31.1107,44.37,90,100,9.53,overcast clouds
340,Cairns,AU,2021-10-11 01:18:16,-16.9167,145.7667,90.95,56,40,5.75,scattered clouds
341,Primorsk,UA,2021-10-11 01:18:16,46.7348,36.3443,49.89,61,2,14.79,clear sky
342,Bereda,ES,2021-10-11 01:18:16,43.2686,-7.5406,51.01,100,51,4.74,broken clouds
343,Semey,KZ,2021-10-11 01:18:17,50.4111,80.2275,44.82,70,75,11.18,light rain
344,Abalak,RU,2021-10-11 01:18:17,58.1286,68.5944,25.88,78,2,1.61,clear sky
345,Meulaboh,ID,2021-10-11 01:18:17,4.1363,96.1285,77.77,82,100,2.46,overcast clouds
346,Santiago,CL,2021-10-11 01:14:14,-33.4569,-70.6483,65.28,54,0,6.91,clear sky
347,Lokosovo,RU,2021-10-11 01:18:18,61.1333,74.8167,27.41,71,18,6.69,few clouds
348,Sabha,LY,2021-10-11 01:18:18,27.0377,14.4283,74.91,14,4,9.48,clear sky
349,Svetlogorsk,BY,2021-10-11 01:18:19,52.6333,29.7333,36.79,70,18,3.8,few clouds
350,Faanui,PF,2021-10-11 01:18:19,-16.4833,-151.75,79.97,74,95,13.2,overcast clouds
351,Rawson,AR,2021-10-11 01:18:19,-43.3002,-65.1023,59.65,58,0,5.66,clear sky
352,Taksimo,RU,2021-10-11 01:18:20,56.3444,114.8794,33.96,71,30,1.21,scattered clouds
353,Xining,CN,2021-10-11 01:18:20,36.6167,101.7667,42.6,66,3,2.13,clear sky
354,Atar,MR,2021-10-11 01:18:20,20.5169,-13.0499,83.77,20,0,4.12,clear sky
355,Zhigansk,RU,2021-10-11 01:18:21,66.7697,123.3711,31.03,92,95,13.11,overcast clouds
356,Ovalle,CL,2021-10-11 01:18:21,-30.5983,-71.2003,59.83,51,3,2.39,clear sky
357,Thibodaux,US,2021-10-11 01:18:21,29.7958,-90.8229,78.98,85,3,6.51,clear sky
358,Waingapu,ID,2021-10-11 01:18:22,-9.6567,120.2641,84.42,52,39,4.74,scattered clouds
359,Oranjestad,AW,2021-10-11 01:18:22,12.524,-70.027,84.15,79,20,14.97,few clouds
360,Khatanga,RU,2021-10-11 01:18:22,71.9667,102.5,12.65,96,100,6.96,light snow
361,Makakilo City,US,2021-10-11 01:18:23,21.3469,-158.0858,82.72,61,75,12.66,broken clouds
362,Barao De Melgaco,BR,2021-10-11 01:18:23,-16.1944,-55.9675,90.12,51,75,4.03,broken clouds
363,Wanning,CN,2021-10-11 01:18:23,18.8003,110.3967,82.02,82,100,4.29,overcast clouds
364,Sistranda,NO,2021-10-11 01:18:24,63.7256,8.834,49.89,81,100,20.74,moderate rain
365,Hervey Bay,AU,2021-10-11 01:18:24,-25.2986,152.8535,82.04,66,46,14.9,scattered clouds
366,Cabo San Lucas,MX,2021-10-11 01:15:49,22.8909,-109.9124,87.51,77,20,9.22,few clouds
367,Loubomo,CG,2021-10-11 01:18:24,-4.1997,12.6739,72.23,85,100,3.09,overcast clouds
368,Chengam,IN,2021-10-11 01:18:25,12.3,78.8,75.67,86,100,4.72,overcast clouds
369,Chimbote,PE,2021-10-11 01:18:25,-9.0853,-78.5783,64.26,89,94,7.09,overcast clouds
370,Naze,JP,2021-10-11 01:18:25,28.3667,129.4833,83.32,87,100,16.89,overcast clouds
371,Sambava,MG,2021-10-11 01:18:26,-14.2667,50.1667,66.02,85,52,8.25,broken clouds
372,Sola,VU,2021-10-11 01:18:26,-13.8833,167.55,79.84,78,29,14.9,scattered clouds
373,Batagay-Alyta,RU,2021-10-11 01:18:26,67.8006,130.4114,26.49,74,48,2.35,scattered clouds
374,Lazaro Cardenas,MX,2021-10-11 01:18:27,17.9583,-102.2,80.02,87,19,5.57,few clouds
375,Ballina,AU,2021-10-11 01:18:27,-28.8667,153.5667,84.78,50,79,7.72,broken clouds
376,Pimentel,PE,2021-10-11 01:18:27,-6.8367,-79.9342,65.12,88,99,12.21,overcast clouds
377,Cordoba,AR,2021-10-11 01:17:53,-31.4135,-64.1811,60.24,88,20,3.0,few clouds
378,Chifeng,CN,2021-10-11 01:18:28,42.2683,118.9636,48.4,34,0,7.7,clear sky
379,Solnechnyy,RU,2021-10-11 01:18:28,50.7214,136.6319,43.43,68,100,10.33,overcast clouds
380,Yuli,NG,2021-10-11 01:18:28,9.6989,10.2744,74.07,93,100,3.38,overcast clouds
381,Cabedelo,BR,2021-10-11 01:18:29,-6.9811,-34.8339,77.67,77,14,9.69,few clouds
382,Odweyne,SO,2021-10-11 01:18:29,9.4092,45.064,73.8,66,100,5.77,light rain
383,Hambantota,LK,2021-10-11 01:18:29,6.1241,81.1185,79.74,82,99,18.01,moderate rain
384,Marabba,SD,2021-10-11 01:18:30,12.35,32.1833,78.55,70,100,10.78,overcast clouds
385,Popondetta,PG,2021-10-11 01:18:30,-8.7537,148.2534,73.78,99,100,2.01,overcast clouds
386,Aktash,RU,2021-10-11 01:18:30,50.3,87.7333,22.01,73,100,2.35,overcast clouds
387,Leningradskiy,RU,2021-10-11 01:18:31,69.3833,178.4167,24.08,93,100,3.74,overcast clouds
388,Uberaba,BR,2021-10-11 01:18:31,-19.7483,-47.9319,68.58,94,90,5.75,overcast clouds
389,Kahului,US,2021-10-11 01:18:31,20.8947,-156.47,83.46,79,40,26.46,scattered clouds
390,Juegang,CN,2021-10-11 01:18:32,32.3174,121.1855,68.92,84,100,20.92,light rain
391,Sanmenxia,CN,2021-10-11 01:18:32,34.7747,111.1814,49.82,82,100,3.69,overcast clouds
392,Korla,CN,2021-10-11 01:18:32,41.7597,86.1469,48.29,38,100,2.35,overcast clouds
393,Boralday,KZ,2021-10-11 01:18:33,43.3578,76.8594,40.86,87,90,6.71,overcast clouds
394,Bahia Blanca,AR,2021-10-11 01:18:33,-38.7196,-62.2724,61.16,55,3,9.17,clear sky
395,Boone,US,2021-10-11 01:18:33,39.0334,-92.3335,75.99,75,16,1.99,few clouds
396,Kununurra,AU,2021-10-11 01:18:33,-15.7667,128.7333,91.38,52,99,8.05,overcast clouds
397,Angoche,MZ,2021-10-11 01:18:34,-16.2325,39.9086,74.73,88,9,5.41,light rain
398,Srednekolymsk,RU,2021-10-11 01:18:34,67.45,153.6833,22.14,72,23,3.44,few clouds
399,Lasa,IT,2021-10-11 01:18:34,46.6166,10.7002,38.35,67,7,7.31,clear sky
400,Richards Bay,ZA,2021-10-11 01:18:35,-28.783,32.0377,62.01,62,96,2.93,overcast clouds
401,Concepcion Batres,SV,2021-10-11 01:18:35,13.35,-88.3667,83.98,90,77,1.72,broken clouds
402,Orizona,BR,2021-10-11 01:18:35,-17.0314,-48.2958,68.83,89,100,4.09,moderate rain
403,Constitucion,CL,2021-10-11 01:18:36,-35.3333,-72.4167,52.86,84,0,10.78,clear sky
404,Sao Gabriel Da Cachoeira,BR,2021-10-11 01:18:37,-0.1303,-67.0892,73.92,94,26,2.3,scattered clouds
405,Nieuw Amsterdam,SR,2021-10-11 01:18:37,5.8833,-55.0833,82.02,88,90,9.98,overcast clouds
406,Donskoye,RU,2021-10-11 01:18:38,45.4552,41.9741,50.13,81,6,13.87,clear sky
407,Eidsvag,NO,2021-10-11 01:18:38,62.7767,8.0668,48.85,91,100,5.17,overcast clouds
408,Vestmannaeyjar,IS,2021-10-11 01:18:38,63.4427,-20.2734,41.65,72,9,10.65,clear sky
409,Tuatapere,NZ,2021-10-11 01:18:39,-46.1333,167.6833,47.82,94,100,4.92,moderate rain
410,Alekseyevka,RU,2021-10-11 01:18:39,50.6309,38.6903,44.58,57,100,5.37,overcast clouds
411,Owensboro,US,2021-10-11 01:18:39,37.7742,-87.1133,78.78,69,1,9.22,clear sky
412,Husavik,IS,2021-10-11 01:18:40,66.0449,-17.3389,35.51,97,99,1.83,overcast clouds
413,Griffith,US,2021-10-11 01:18:40,41.5284,-87.4237,76.95,69,1,1.01,clear sky
414,Manzanillo,CU,2021-10-11 01:18:40,20.3433,-77.1167,78.21,80,0,7.9,clear sky
415,Santa Maria Del Oro,MX,2021-10-11 01:18:41,25.9333,-105.3667,71.13,35,0,10.8,clear sky
416,Cabinda,AO,2021-10-11 01:18:41,-5.55,12.2,75.36,82,100,9.15,overcast clouds
417,Te Anau,NZ,2021-10-11 01:18:41,-45.4167,167.7167,37.83,99,100,1.66,light rain
418,Mayumba,GA,2021-10-11 01:18:42,-3.432,10.6554,75.11,87,100,6.87,overcast clouds
419,Callaway,US,2021-10-11 01:18:42,30.153,-85.5699,77.0,72,1,1.01,clear sky
420,Mae Sai,TH,2021-10-11 01:18:42,20.4335,99.8762,74.52,97,100,1.34,overcast clouds
421,Lethem,GY,2021-10-11 01:18:43,3.3803,-59.7968,82.71,66,69,4.79,broken clouds
422,Nueva Loja,EC,2021-10-11 01:18:43,0.0847,-76.8828,73.06,96,91,1.81,overcast clouds
423,North Battleford,CA,2021-10-11 01:17:15,52.7834,-108.2847,50.4,53,40,8.05,scattered clouds
424,Malaya Purga,RU,2021-10-11 01:18:43,56.5567,53.0043,44.51,92,100,5.48,overcast clouds
425,Eidfjord,NO,2021-10-11 01:18:44,60.4675,7.0719,49.42,99,100,5.41,overcast clouds
426,Palu,ID,2021-10-11 01:18:44,-0.8917,119.8707,80.2,82,100,3.2,overcast clouds
427,Sibolga,ID,2021-10-11 01:18:44,1.7427,98.7792,78.57,82,95,1.21,overcast clouds
428,Santa Maria,BR,2021-10-11 01:15:49,-29.6842,-53.8069,63.55,93,100,8.23,overcast clouds
429,Marana,US,2021-10-11 01:18:45,32.4367,-111.2254,80.94,21,1,6.91,clear sky
430,Camalu,MX,2021-10-11 01:18:45,30.85,-116.0667,70.43,60,0,6.69,clear sky
431,Nuuk,GL,2021-10-11 01:18:45,64.1835,-51.7216,39.81,70,90,5.75,overcast clouds
432,Byron Bay,AU,2021-10-11 01:18:41,-28.65,153.6167,84.7,51,84,11.3,broken clouds
433,Velyka Bahachka,UA,2021-10-11 01:18:46,49.7912,33.7226,42.8,57,91,6.89,overcast clouds
434,Olafsvik,IS,2021-10-11 01:18:46,64.8945,-23.7142,40.12,62,66,2.37,broken clouds
435,Kismayo,SO,2021-10-11 01:18:46,-0.3582,42.5454,77.36,87,16,13.8,few clouds
436,Yulara,AU,2021-10-11 01:18:47,-25.2406,130.9889,64.24,48,0,18.41,clear sky
437,Sorong,ID,2021-10-11 01:18:47,-0.8833,131.25,84.72,69,100,5.3,overcast clouds
438,Bonavista,CA,2021-10-11 01:18:47,48.6499,-53.1147,43.12,76,24,23.64,few clouds
439,Bagdarin,RU,2021-10-11 01:18:48,54.4333,113.6,37.96,55,29,4.9,scattered clouds
440,Iturama,BR,2021-10-11 01:18:48,-19.7281,-50.1956,69.73,91,100,7.76,overcast clouds
441,San Antonio,US,2021-10-11 01:14:23,29.4241,-98.4936,86.9,76,1,3.0,clear sky
442,Antioch,TR,2021-10-11 01:18:49,36.2066,36.1572,62.42,44,8,1.54,clear sky
443,Dingle,PH,2021-10-11 01:18:49,10.9995,122.6711,80.53,87,100,13.38,overcast clouds
444,Fuerte Olimpo,PY,2021-10-11 01:18:49,-21.0415,-57.8738,74.3,95,58,4.7,broken clouds
445,Beringovskiy,RU,2021-10-11 01:18:49,63.05,179.3167,28.15,83,62,11.36,broken clouds
446,Radhanpur,IN,2021-10-11 01:18:50,23.8333,71.6,82.94,74,5,5.06,clear sky
447,Pisco,PE,2021-10-11 01:18:50,-13.7,-76.2167,62.65,82,0,4.61,clear sky
448,Narsaq,GL,2021-10-11 01:18:51,60.9167,-46.05,30.42,48,15,1.28,few clouds
449,Shingu,JP,2021-10-11 01:18:51,33.7333,135.9833,79.79,74,42,2.98,scattered clouds
450,Syamzha,RU,2021-10-11 01:18:51,60.0158,41.0614,43.83,82,100,7.78,overcast clouds
451,Petropavlovsk-Kamchatskiy,RU,2021-10-11 01:18:51,53.0452,158.6483,41.59,93,90,20.13,light intensity shower rain
452,Tabou,CI,2021-10-11 01:18:52,4.423,-7.3528,77.23,89,99,7.83,overcast clouds
453,Hobyo,SO,2021-10-11 01:18:52,5.3505,48.5268,78.71,87,51,14.72,broken clouds
454,Mount Isa,AU,2021-10-11 01:18:52,-20.7333,139.5,67.77,94,90,12.66,overcast clouds
455,Owando,CG,2021-10-11 01:18:53,-0.4819,15.8999,70.41,99,100,1.83,overcast clouds
456,Skibbereen,IE,2021-10-11 01:18:53,51.55,-9.2667,49.8,85,10,5.46,clear sky
457,Yumen,CN,2021-10-11 01:18:53,40.2833,97.2,39.07,29,6,13.02,clear sky
458,Kuytun,RU,2021-10-11 01:18:54,54.3419,101.5036,37.47,67,100,2.68,overcast clouds
459,Ambon,ID,2021-10-11 01:18:54,-3.6954,128.1814,84.34,84,20,3.44,few clouds
460,Warri,NG,2021-10-11 01:18:54,5.5167,5.75,76.08,94,97,3.0,overcast clouds
461,Maraa,BR,2021-10-11 01:18:55,-1.8333,-65.3667,77.25,75,11,2.33,few clouds
462,Alihe,CN,2021-10-11 01:18:55,50.5667,123.7167,44.8,62,0,6.33,clear sky
463,Oussouye,SN,2021-10-11 01:18:55,12.485,-16.5469,80.78,82,100,3.33,overcast clouds
464,Kilimatinde,TZ,2021-10-11 01:18:56,-5.85,34.95,68.67,62,96,5.99,overcast clouds
465,Qasigiannguit,GL,2021-10-11 01:18:57,68.8193,-51.1922,34.05,87,56,4.99,broken clouds
466,Taranagar,IN,2021-10-11 01:18:59,28.6709,75.0351,80.19,47,0,10.67,clear sky
467,Kavaratti,IN,2021-10-11 01:18:59,10.5669,72.642,82.45,81,100,16.24,overcast clouds
468,Southbridge,US,2021-10-11 01:18:59,42.0751,-72.0334,60.57,94,99,6.62,overcast clouds
469,Almaznyy,RU,2021-10-11 01:19:00,48.0448,40.045,46.54,69,7,7.83,clear sky
470,Vila Franca Do Campo,PT,2021-10-11 01:19:00,37.7167,-25.4333,72.01,87,100,10.87,overcast clouds
471,Nchelenge,ZM,2021-10-11 01:19:00,-9.3451,28.734,75.88,43,94,3.91,overcast clouds
472,Ayna,PE,2021-10-11 01:19:01,-12.65,-73.9167,61.72,90,88,1.57,moderate rain
473,Dawei,MM,2021-10-11 01:19:02,14.0833,98.2,79.59,90,100,3.0,moderate rain
474,Behbahan,IR,2021-10-11 01:19:02,30.5959,50.2417,67.32,12,0,3.49,clear sky
475,Noumea,NC,2021-10-11 01:19:02,-22.2763,166.4572,84.18,98,0,10.2,clear sky
476,Jamame,SO,2021-10-11 01:19:03,0.0722,42.7506,76.46,87,20,10.0,few clouds
477,Medvode,SI,2021-10-11 01:19:03,46.1333,14.4333,49.08,93,75,3.44,broken clouds
478,Shipunovo,RU,2021-10-11 01:19:03,52.1582,82.2173,40.95,79,100,6.55,overcast clouds
479,Oxelosund,SE,2021-10-11 01:19:04,58.6706,17.1015,48.13,81,0,10.36,clear sky
480,Grand Gaube,MU,2021-10-11 01:19:04,-20.0064,57.6608,72.37,92,100,1.99,moderate rain
481,Klyuchi,RU,2021-10-11 01:19:05,52.2667,79.1667,41.74,80,100,5.68,overcast clouds
482,Egvekinot,RU,2021-10-11 01:19:05,66.3167,-179.1667,20.95,83,56,6.44,broken clouds
483,Christchurch,NZ,2021-10-11 01:15:18,-43.5333,172.6333,65.95,48,100,1.99,overcast clouds
484,Tucano,BR,2021-10-11 01:19:05,-10.9631,-38.7867,70.48,80,15,8.19,few clouds
485,Babushkin,RU,2021-10-11 01:19:06,51.7122,105.8647,45.54,57,0,4.99,clear sky
486,Siddipet,IN,2021-10-11 01:19:06,18.1,78.85,70.38,83,22,3.53,few clouds
487,Roma,US,2021-10-11 01:17:24,43.2128,-75.4557,66.06,81,90,8.05,overcast clouds
488,Manggar,ID,2021-10-11 01:19:06,-2.8833,108.2667,83.93,74,92,10.51,overcast clouds
489,Hue,VN,2021-10-11 01:16:26,16.4667,107.6,84.31,79,40,1.14,scattered clouds
490,Adiake,CI,2021-10-11 01:19:07,5.2863,-3.304,80.19,90,100,4.94,moderate rain
491,Sioux Lookout,CA,2021-10-11 01:19:08,50.1001,-91.917,57.27,88,90,8.05,mist
492,Krasnoye,UA,2021-10-11 01:19:08,49.9145,24.6134,40.35,49,89,6.64,overcast clouds
493,Port Moresby,PG,2021-10-11 01:19:08,-9.4431,147.1797,83.62,74,75,17.27,broken clouds
494,Gorontalo,ID,2021-10-11 01:19:09,0.5412,123.0595,87.06,64,100,4.03,overcast clouds
495,Eureka,US,2021-10-11 01:16:32,40.8021,-124.1637,57.67,76,0,7.0,clear sky
496,Nhulunbuy,AU,2021-10-11 01:19:10,-12.2333,136.7667,86.61,62,75,11.5,broken clouds
497,Bac Lieu,VN,2021-10-11 01:15:34,9.285,105.7244,81.86,83,100,12.97,overcast clouds
498,Seoul,KR,2021-10-11 01:16:36,37.5683,126.9778,62.08,72,0,6.91,clear sky
499,Swan Hill,AU,2021-10-11 01:19:10,-35.3378,143.5544,59.63,30,1,11.03,clear sky
500,Verkh-Usugli,RU,2021-10-11 01:19:11,52.7,115.1667,38.55,60,0,2.84,clear sky
501,Dubbo,AU,2021-10-11 01:19:11,-32.25,148.6167,60.93,63,100,2.3,moderate rain
502,Codrington,AU,2021-10-11 01:19:12,-38.2667,141.9667,53.26,57,81,11.99,broken clouds
503,Alekseyevskaya,RU,2021-10-11 01:19:12,50.2896,42.1845,42.57,57,100,3.83,overcast clouds
504,Concarneau,FR,2021-10-11 01:19:12,47.875,-3.9225,57.99,88,0,8.95,clear sky
505,Twentynine Palms,US,2021-10-11 01:19:13,34.1356,-116.0542,78.96,16,0,1.01,clear sky
506,Weiser,US,2021-10-11 01:19:13,44.251,-116.9693,62.31,44,39,11.99,light rain
507,San Jose,US,2021-10-11 01:15:43,37.3394,-121.895,78.12,49,20,5.01,few clouds
508,Razole,IN,2021-10-11 01:19:13,16.4833,81.8333,80.89,92,75,2.89,broken clouds
509,Buin,CL,2021-10-11 01:19:14,-33.7333,-70.75,64.74,66,0,4.9,clear sky
510,Colon,PA,2021-10-11 01:19:14,9.3592,-79.9014,80.02,86,100,3.87,overcast clouds
511,Alma,CA,2021-10-11 01:17:02,48.5501,-71.6491,56.41,89,100,3.53,overcast clouds
512,Tahe,CN,2021-10-11 01:19:15,52.3333,124.7333,39.96,84,1,6.87,clear sky
513,Ecoporanga,BR,2021-10-11 01:19:15,-18.3733,-40.8306,67.71,95,100,3.49,overcast clouds
514,Manacapuru,BR,2021-10-11 01:19:15,-3.2997,-60.6206,81.18,67,90,3.8,moderate rain
515,Kampong Cham,KH,2021-10-11 01:19:16,11.9934,105.4635,80.06,86,100,6.17,overcast clouds
516,Kalmar,SE,2021-10-11 01:19:16,56.6616,16.3616,51.96,83,93,6.91,overcast clouds
517,Peniche,PT,2021-10-11 01:19:16,39.3558,-9.3811,71.1,68,94,4.85,overcast clouds
518,Muslyumovo,RU,2021-10-11 01:19:16,55.3033,53.1947,40.42,90,98,5.66,overcast clouds
519,Portland,US,2021-10-11 01:16:18,45.5234,-122.6762,55.45,71,75,1.01,broken clouds
520,Montepuez,MZ,2021-10-11 01:19:17,-13.1256,38.9997,67.35,88,65,2.86,broken clouds
521,Paracuru,BR,2021-10-11 01:19:17,-3.41,-39.0306,80.62,73,6,11.52,clear sky
522,Nome,US,2021-10-11 01:19:18,64.5011,-165.4064,38.16,65,1,6.91,clear sky
523,Diffa,NE,2021-10-11 01:19:18,13.3154,12.6113,85.69,16,100,6.69,overcast clouds
524,Necochea,AR,2021-10-11 01:19:18,-38.5473,-58.7368,58.03,93,12,9.66,few clouds
525,Pedra Branca,BR,2021-10-11 01:19:19,-5.4542,-39.7172,75.94,57,9,6.93,clear sky
526,Los Llanos De Aridane,ES,2021-10-11 01:19:19,28.6585,-17.9182,65.95,80,0,6.91,clear sky
527,Pangody,RU,2021-10-11 01:19:19,65.85,74.4859,26.74,94,53,9.15,broken clouds
528,Valparaiso,CL,2021-10-11 01:19:20,-33.0393,-71.6273,58.64,67,0,5.75,clear sky
529,Kirakira,SB,2021-10-11 01:19:20,-10.4544,161.9205,82.76,75,100,6.76,overcast clouds
530,Grafton,US,2021-10-11 01:15:51,42.207,-71.6856,60.35,84,90,5.75,mist
531,Kloulklubed,PW,2021-10-11 01:19:20,7.0419,134.2556,84.7,77,98,13.6,overcast clouds
532,Mantua,IT,2021-10-11 01:19:21,45.1667,10.7833,53.35,84,11,1.01,few clouds
533,Cap Malheureux,MU,2021-10-11 01:19:21,-19.9842,57.6142,72.46,92,100,1.99,moderate rain
534,Fort Saint James,CA,2021-10-11 01:19:22,54.4333,-124.25,40.89,61,96,6.11,overcast clouds
535,Beloha,MG,2021-10-11 01:19:23,-25.1667,45.05,67.03,78,100,13.94,overcast clouds
536,Ayan,RU,2021-10-11 01:19:23,56.45,138.1667,40.91,62,100,3.47,overcast clouds
537,Umm Lajj,SA,2021-10-11 01:19:23,25.0213,37.2685,86.65,47,0,7.02,clear sky
538,Pingdingshan,CN,2021-10-11 01:19:24,33.7385,113.3012,56.57,67,100,5.82,light rain
539,Whitehorse,CA,2021-10-11 01:14:30,60.7161,-135.0538,42.03,60,22,5.01,few clouds
540,Pleshanovo,RU,2021-10-11 01:19:24,52.8333,53.4833,44.01,74,97,2.68,overcast clouds
541,Kenai,US,2021-10-11 01:19:24,60.5544,-151.2583,48.02,67,1,14.97,clear sky
542,Shiozawa,JP,2021-10-11 01:19:25,37.0333,138.85,79.32,53,0,4.38,clear sky
543,Shubarshi,KZ,2021-10-11 01:19:25,48.5872,57.1869,41.38,79,29,3.76,scattered clouds
544,Walvis Bay,NA,2021-10-11 01:19:25,-22.9575,14.5053,58.15,77,0,8.05,clear sky
545,Artyom,AZ,2021-10-11 01:19:26,40.4723,50.333,59.14,42,100,10.6,overcast clouds
546,Bairiki,KI,2021-10-11 01:19:26,1.3292,172.9752,86.0,66,20,8.05,few clouds
547,Hastings,GB,2021-10-11 01:18:03,50.8552,0.5729,52.72,96,60,13.0,broken clouds
548,Wschowa,PL,2021-10-11 01:19:27,51.807,16.3166,44.44,63,14,5.1,few clouds
549,General Roca,AR,2021-10-11 01:19:27,-39.0333,-67.5833,73.8,19,0,8.68,clear sky
550,Reconquista,AR,2021-10-11 01:19:27,-29.15,-59.65,62.65,96,53,5.95,broken clouds
551,High Level,CA,2021-10-11 01:19:27,58.5169,-117.136,41.11,93,75,5.75,broken clouds
552,Marystown,CA,2021-10-11 01:19:28,47.1666,-55.1483,50.86,100,15,1.99,few clouds
553,Simbahan,PH,2021-10-11 01:19:28,6.3032,120.5836,83.44,77,83,9.24,broken clouds
554,Adrar,MR,2021-10-11 01:19:28,20.5022,-10.0711,84.0,14,45,3.18,scattered clouds
555,La Ronge,CA,2021-10-11 01:15:49,55.1001,-105.2842,43.05,87,75,1.14,broken clouds
556,Barabai,ID,2021-10-11 01:19:29,-2.5833,115.3833,82.11,80,73,1.01,broken clouds
557,Saint-Michel-Des-Saints,CA,2021-10-11 01:17:54,46.6834,-73.9159,55.94,94,100,4.12,overcast clouds
558,Saint Anthony,US,2021-10-11 01:19:29,45.0205,-93.218,61.75,68,90,5.99,overcast clouds
559,Kropotkin,RU,2021-10-11 01:19:30,45.4375,40.5756,49.23,84,11,11.72,few clouds
560,Henties Bay,NA,2021-10-11 01:19:30,-22.116,14.2845,57.85,77,0,4.99,clear sky
561,Alta Floresta,BR,2021-10-11 01:19:30,-9.8756,-56.0861,77.88,70,98,3.18,overcast clouds
562,Karratha,AU,2021-10-11 01:19:31,-20.7377,116.8463,81.25,25,5,21.7,clear sky
563,Marsa Matruh,EG,2021-10-11 01:19:31,31.3525,27.2453,72.41,74,0,6.08,clear sky
564,De-Kastri,RU,2021-10-11 01:19:32,51.4667,140.7833,43.48,92,100,24.58,light rain
565,Kralendijk,BQ,2021-10-11 01:19:32,12.15,-68.2667,82.38,78,40,10.36,scattered clouds
566,Luan,CH,2021-10-11 01:19:32,46.3592,6.9759,40.64,84,0,4.5,clear sky
567,Krasnozerskoye,RU,2021-10-11 01:19:33,53.9828,79.2374,34.95,99,100,11.65,light rain
568,Price,US,2021-10-11 01:16:39,39.5994,-110.8107,54.12,50,1,6.91,clear sky
569,Sayyan,YE,2021-10-11 01:19:33,15.1718,44.3244,59.07,42,99,7.61,overcast clouds
570,Taltal,CL,2021-10-11 01:19:33,-25.4,-70.4833,64.65,52,0,4.23,clear sky
571,Pasighat,IN,2021-10-11 01:19:34,28.0667,95.3333,78.06,77,4,1.52,clear sky
572,South Sioux City,US,2021-10-11 01:19:34,42.4739,-96.4136,59.2,57,1,5.75,clear sky
573,Tura,IN,2021-10-11 01:19:34,25.5198,90.2201,74.93,86,55,3.74,broken clouds
574,Thongwa,MM,2021-10-11 01:19:35,16.7619,96.5278,82.56,86,49,2.28,scattered clouds
575,Kushima,JP,2021-10-11 01:19:35,31.4583,131.2333,83.71,74,31,6.17,scattered clouds
576,Zyryanka,RU,2021-10-11 01:19:35,65.75,150.85,28.31,55,8,12.48,clear sky
577,Sarab,IR,2021-10-11 01:19:36,38.6066,44.9883,48.58,60,0,1.68,clear sky
578,Ashitkovo,RU,2021-10-11 01:19:36,55.44,38.59,39.43,78,11,5.01,few clouds
579,Vinh,VN,2021-10-11 01:15:42,18.6667,105.6667,76.78,94,100,4.79,light rain
580,Oytal,KZ,2021-10-11 01:19:36,42.9057,73.2697,40.46,60,34,7.67,scattered clouds
581,Bam,IR,2021-10-11 01:19:37,29.106,58.357,62.04,19,0,9.1,clear sky
582,Calabozo,VE,2021-10-11 01:19:37,8.9242,-67.4293,81.14,73,98,3.67,overcast clouds
583,Great Falls,US,2021-10-11 01:19:31,47.5002,-111.3008,53.69,31,1,11.01,clear sky
584,Khandyga,RU,2021-10-11 01:19:40,62.6667,135.6,33.91,62,100,6.44,overcast clouds
585,Shimoda,JP,2021-10-11 01:19:40,34.6667,138.95,81.1,74,50,10.63,scattered clouds
586,Smithers,CA,2021-10-11 01:15:48,54.7804,-127.1743,44.92,57,90,0.0,overcast clouds
587,Kulhudhuffushi,MV,2021-10-11 01:19:44,6.6221,73.07,82.96,79,100,18.68,overcast clouds
588,Dauphin,CA,2021-10-11 01:19:44,51.1494,-100.0502,44.74,61,1,3.44,haze
589,Yarkovo,RU,2021-10-11 01:19:44,57.4028,67.0786,25.18,79,0,1.03,clear sky
590,Mahanje,TZ,2021-10-11 01:19:46,-9.9333,35.3333,62.1,67,57,3.67,broken clouds
591,Haradok,BY,2021-10-11 01:19:47,55.4624,29.9816,34.25,85,25,5.26,scattered clouds
592,San Patricio,US,2021-10-11 01:19:47,28.017,-97.5169,84.29,77,7,17.76,clear sky
593,Ladnun,IN,2021-10-11 01:19:48,27.65,74.3833,77.65,57,0,9.15,clear sky
594,Namatanai,PG,2021-10-11 01:19:48,-3.6667,152.4333,84.58,69,37,4.09,scattered clouds
595,Aklavik,CA,2021-10-11 01:19:49,68.2191,-135.0107,29.23,85,100,6.06,overcast clouds
596,Hutchinson,US,2021-10-11 01:15:43,38.0608,-97.9298,58.23,91,90,9.22,mist
597,Sahuaripa,MX,2021-10-11 01:19:50,29.05,-109.2333,76.64,19,1,5.01,clear sky
598,Aragats,AM,2021-10-11 01:19:51,40.4889,44.3528,33.94,59,0,2.08,clear sky
599,Manakara,MG,2021-10-11 01:19:58,-22.1333,48.0167,65.89,94,10,5.1,clear sky
600,Puerto Del Rosario,ES,2021-10-11 01:19:58,28.5004,-13.8627,73.15,60,87,11.5,overcast clouds
601,Kitami,JP,2021-10-11 01:20:00,43.8031,143.8908,60.08,76,100,5.91,moderate rain
602,Zabaykalsk,RU,2021-10-11 01:20:00,49.6333,117.3167,45.3,48,0,2.8,clear sky
603,Gombe,NG,2021-10-11 01:20:01,10.2897,11.1673,74.84,83,100,9.78,overcast clouds
604,Vila Velha,BR,2021-10-11 01:20:03,-20.3297,-40.2925,67.95,100,90,2.3,mist
605,Moerai,PF,2021-10-11 01:20:03,-22.4333,-151.3333,73.87,77,50,15.32,scattered clouds
606,Nipawin,CA,2021-10-11 01:15:48,53.3668,-104.0009,48.24,49,1,6.91,clear sky
607,Sirjan,IR,2021-10-11 01:20:04,29.452,55.6814,56.07,29,0,4.23,clear sky
608,Huercal-Overa,ES,2021-10-11 01:20:08,37.389,-1.9454,63.23,79,97,5.91,overcast clouds
609,Itacarambi,BR,2021-10-11 01:20:08,-15.1022,-44.0919,77.81,63,74,4.52,broken clouds
610,Omboue,GA,2021-10-11 01:20:12,-1.5746,9.2618,76.41,86,100,4.54,overcast clouds
611,Tefe,BR,2021-10-11 01:20:13,-3.3542,-64.7114,79.14,71,68,2.89,broken clouds
612,Tres Arroyos,AR,2021-10-11 01:20:17,-38.3739,-60.2798,55.17,84,54,9.55,broken clouds
613,Russkaya Polyana,UA,2021-10-11 01:20:20,49.417,31.9201,43.25,64,19,6.06,few clouds
614,Chapais,CA,2021-10-11 01:20:22,49.7834,-74.8492,55.18,95,100,7.7,overcast clouds
615,Karachi,PK,2021-10-11 01:18:50,24.9056,67.0822,78.62,89,40,6.91,smoke
616,Lensk,RU,2021-10-11 01:20:23,60.7253,114.9278,33.33,82,100,11.59,overcast clouds
617,Khandbari,NP,2021-10-11 01:20:24,27.3747,87.2039,68.49,82,1,3.38,clear sky
618,Rio Gallegos,AR,2021-10-11 01:20:25,-51.6226,-69.2181,46.45,39,0,9.22,clear sky
619,Magadan,RU,2021-10-11 01:20:25,59.5667,150.8,35.76,43,3,11.95,clear sky
620,Quatre Cocos,MU,2021-10-11 01:20:26,-20.2078,57.7625,72.09,94,100,9.69,light rain
621,Puerto Baquerizo Moreno,EC,2021-10-11 01:20:26,-0.9,-89.6,68.56,81,28,10.63,scattered clouds
622,Macusani,PE,2021-10-11 01:20:30,-14.0833,-70.4333,42.31,83,100,1.43,overcast clouds
623,Linkoping,SE,2021-10-11 01:20:31,58.4109,15.6216,47.59,93,90,9.22,moderate rain
624,Cayambe,EC,2021-10-11 01:19:02,0.05,-78.1333,47.46,96,100,0.81,light rain
625,Saldanha,ZA,2021-10-11 01:20:31,-33.0117,17.9442,57.25,47,100,8.21,overcast clouds
626,Senneterre,CA,2021-10-11 01:20:32,48.3835,-77.2328,59.22,95,99,8.61,overcast clouds
627,Sovetskiy,RU,2021-10-11 01:20:32,61.3614,63.5842,29.17,56,100,6.55,overcast clouds
628,Amga,RU,2021-10-11 01:20:32,60.8953,131.9608,36.72,77,100,8.81,light rain
629,Saint-Louis,SN,2021-10-11 01:20:33,16.3333,-15.0,82.6,59,59,12.55,broken clouds
630,Alto Araguaia,BR,2021-10-11 01:20:34,-17.3147,-53.2153,71.17,91,100,6.15,moderate rain
631,Dicabisagan,PH,2021-10-11 01:20:34,17.0818,122.4157,76.69,92,100,14.41,moderate rain
632,Barra Do Garcas,BR,2021-10-11 01:17:55,-15.89,-52.2567,77.72,76,100,2.21,heavy intensity rain
633,Deputatskiy,RU,2021-10-11 01:20:36,69.3,139.9,23.09,78,100,3.4,overcast clouds
634,Flin Flon,CA,2021-10-11 01:20:37,54.7682,-101.865,53.42,59,100,5.21,overcast clouds
635,Ekhabi,RU,2021-10-11 01:20:37,53.5102,142.9671,45.7,89,100,25.95,light rain
636,Chumikan,RU,2021-10-11 01:20:37,54.7183,135.315,41.58,81,90,15.86,overcast clouds
637,Komsomolskiy,UZ,2021-10-11 01:20:37,40.4272,71.7189,40.42,75,0,2.3,clear sky
638,Zeya,RU,2021-10-11 01:20:38,53.75,127.2667,45.34,45,0,4.9,clear sky
639,Acari,PE,2021-10-11 01:20:39,-15.4311,-74.6158,67.48,78,40,3.98,scattered clouds
640,Mukhen,RU,2021-10-11 01:20:39,48.1,136.1,45.05,77,89,12.5,overcast clouds
641,Sabang,ID,2021-10-11 01:20:41,5.8933,95.3214,82.15,77,88,24.2,overcast clouds
642,Encamp,AD,2021-10-11 01:20:42,42.5333,1.6333,34.07,28,64,6.06,broken clouds
643,Vao,NC,2021-10-11 01:20:43,-22.6667,167.4833,70.48,63,4,13.22,clear sky
644,Ahuimanu,US,2021-10-11 01:20:44,21.4447,-157.8378,83.91,63,20,17.27,few clouds
645,Bhalwal,PK,2021-10-11 01:20:44,32.272,72.9043,72.09,59,0,8.39,clear sky
646,Rajbiraj,NP,2021-10-11 01:20:46,26.5333,86.75,77.63,80,0,1.21,clear sky
647,Kemijarvi,FI,2021-10-11 01:20:49,66.7131,27.4306,47.05,96,100,8.63,light rain
648,Romita,MX,2021-10-11 01:20:50,20.8667,-101.5167,74.03,53,1,0.0,clear sky
649,Hanyang,CN,2021-10-11 01:20:50,32.1371,105.5126,50.29,80,100,3.27,overcast clouds
650,Saint-Francois,FR,2021-10-11 01:20:50,46.4154,3.9054,37.67,100,90,2.3,fog
651,Paamiut,GL,2021-10-11 01:20:52,61.994,-49.6678,37.45,60,100,7.85,overcast clouds
652,Mehamn,NO,2021-10-11 01:20:52,71.0357,27.8492,44.44,87,100,3.87,overcast clouds
653,Pedasi,PA,2021-10-11 01:20:52,7.5333,-80.0333,77.07,83,100,3.53,overcast clouds
654,Arauca,CO,2021-10-11 01:20:53,7.0847,-70.7591,75.25,92,100,1.39,overcast clouds
655,Usinsk,RU,2021-10-11 01:20:54,65.9939,57.5281,28.65,94,100,14.67,light snow
656,Gunjur,GM,2021-10-11 01:20:54,13.2019,-16.7339,78.87,94,40,0.0,scattered clouds
657,Rochegda,RU,2021-10-11 01:20:55,62.8,43.25,48.88,93,100,8.75,overcast clouds
658,Baglung,NP,2021-10-11 01:20:55,28.2719,83.5898,62.67,83,0,5.99,clear sky
659,Haverhill,US,2021-10-11 01:20:55,42.7762,-71.0773,62.06,86,90,1.01,overcast clouds
660,Zheleznodorozhnyy,RU,2021-10-11 01:20:56,55.7503,38.0042,39.22,69,13,4.25,few clouds
661,Shieli,KZ,2021-10-11 01:20:56,44.1667,66.75,44.1,53,81,7.16,broken clouds
662,Muli,MV,2021-10-11 01:20:56,2.9167,73.5667,82.94,75,58,15.28,broken clouds
663,Ngunguru,NZ,2021-10-11 01:20:58,-35.6167,174.5,63.27,57,41,10.07,scattered clouds
664,Luba,GQ,2021-10-11 01:20:58,3.4568,8.5547,75.09,86,100,1.23,overcast clouds
665,Honiara,SB,2021-10-11 01:20:59,-9.4333,159.95,82.89,80,92,4.63,overcast clouds
666,Nikolayevsk-Na-Amure,RU,2021-10-11 01:21:00,53.1406,140.73,44.29,95,100,14.56,moderate rain
667,Sorkjosen,NO,2021-10-11 01:21:00,69.8,20.9333,46.29,97,100,6.62,overcast clouds
668,Ngorongoro,TZ,2021-10-11 01:21:01,-3.2397,35.4875,51.62,91,100,6.93,overcast clouds
669,Kyabram,AU,2021-10-11 01:21:02,-36.3167,145.05,57.87,42,6,11.81,clear sky
670,Copala,MX,2021-10-11 01:21:03,16.65,-98.9833,79.29,84,9,3.33,clear sky
671,Farmington,US,2021-10-11 01:16:45,36.7281,-108.2187,60.19,36,1,12.66,clear sky
672,Mrkonjic Grad,BA,2021-10-11 01:21:03,44.4158,17.0861,39.36,100,100,3.47,light rain
673,Salalah,OM,2021-10-11 01:21:03,17.0151,54.0924,77.09,83,75,3.44,broken clouds
674,Songjianghe,CN,2021-10-11 01:21:04,42.1859,127.479,46.98,54,0,3.06,clear sky
675,Praia,CV,2021-10-11 01:21:04,14.9215,-23.5087,77.54,83,0,17.27,clear sky
676,Bolshaya Sosnova,RU,2021-10-11 01:21:05,57.6713,54.6029,41.99,98,100,8.68,light rain
677,Talara,PE,2021-10-11 01:21:05,-4.5772,-81.2719,64.76,91,53,13.11,broken clouds
678,Balsas,BR,2021-10-11 01:21:05,-7.5325,-46.0356,83.37,47,100,5.28,overcast clouds
679,Villamontes,BO,2021-10-11 01:21:06,-21.25,-63.5,66.49,82,100,2.06,overcast clouds
680,Myanaung,MM,2021-10-11 01:21:06,18.2833,95.3167,79.16,91,43,1.12,scattered clouds
681,Saint-Georges,GD,2021-10-11 01:21:07,12.0564,-61.7485,83.88,84,40,17.27,scattered clouds
682,Pak Phanang,TH,2021-10-11 01:21:07,8.3511,100.202,87.08,71,75,11.54,broken clouds
683,Verkhnetulomskiy,RU,2021-10-11 01:21:07,68.6073,31.7962,41.13,97,100,2.53,overcast clouds
684,Tawang,IN,2021-10-11 01:21:08,27.5833,91.8667,55.83,82,99,0.89,overcast clouds
685,Lufilufi,WS,2021-10-11 01:21:08,-13.8745,-171.5986,76.78,77,99,7.65,light rain
686,Innisfail,AU,2021-10-11 01:21:08,-17.5333,146.0333,90.88,54,0,6.82,clear sky
687,Dumanjug,PH,2021-10-11 01:21:09,10.0576,123.4356,87.8,78,90,19.19,overcast clouds
688,Urucara,BR,2021-10-11 01:21:09,-2.5364,-57.76,83.34,57,99,0.63,overcast clouds
689,Bethanien,NA,2021-10-11 01:21:10,-26.502,17.1583,66.38,15,0,7.05,clear sky
690,Burley,US,2021-10-11 01:21:10,42.5357,-113.7928,55.36,47,90,5.75,overcast clouds
691,Union,US,2021-10-11 01:21:11,40.6334,-74.2663,66.18,91,90,8.05,overcast clouds
692,Trabzon,TR,2021-10-11 01:21:11,40.9167,39.8333,57.29,82,75,4.61,broken clouds
693,Speightstown,BB,2021-10-11 01:21:11,13.25,-59.65,83.01,77,100,17.31,overcast clouds
694,San Quintin,MX,2021-10-11 01:21:13,30.4833,-115.95,68.31,71,0,10.54,clear sky
695,Moissala,TD,2021-10-11 01:21:13,8.3404,17.7663,71.8,97,100,4.38,overcast clouds
696,Port Hardy,CA,2021-10-11 01:21:14,50.6996,-127.4199,48.38,81,75,4.61,light intensity shower rain
697,Nyurba,RU,2021-10-11 01:21:14,63.2842,118.3319,32.61,68,100,13.8,overcast clouds
698,Daru,PG,2021-10-11 01:21:14,-9.0763,143.2092,81.03,76,99,7.87,overcast clouds
699,Vozhega,RU,2021-10-11 01:21:15,60.4725,40.2213,44.64,83,100,7.99,overcast clouds
700,Dubai,AE,2021-10-11 01:19:58,25.2582,55.3047,87.22,74,0,3.44,clear sky
701,Barcelos,PT,2021-10-11 01:21:15,41.5388,-8.6151,67.84,49,84,7.16,broken clouds
702,Tazovskiy,RU,2021-10-11 01:21:16,67.4667,78.7,28.15,79,73,15.86,broken clouds
703,Cayenne,GF,2021-10-11 01:21:16,4.9333,-52.3333,83.08,82,20,3.0,few clouds
704,Oktyabrskoye,RU,2021-10-11 01:21:16,43.0645,44.7417,42.94,93,63,4.47,broken clouds
705,Aswan,EG,2021-10-11 01:21:17,24.0934,32.907,85.73,24,0,8.81,clear sky
706,Ranong,TH,2021-10-11 01:21:17,9.9658,98.6348,78.73,88,96,14.81,moderate rain
707,Turbat,PK,2021-10-11 01:21:18,26.0023,63.044,77.76,11,0,17.85,clear sky
708,Boende,CD,2021-10-11 01:21:18,-0.2167,20.8667,71.73,99,100,2.24,light rain
